Storm Name,Formation Date,Dissipation Date,Report Date,Storm Lifetime,Time to Report,Report Length,Peak Intensity,Landfall,Landfall Intensity,No. Figures,Storm No.,Season Total,NHC Director,Year
Allison (1995),06-03-95,06-06-95,01-29-96,3,237,8,65,USA,60,3,1,19,Burpee,1995
Barry (1995),07-05-95,07-10-95,11-19-95,5,132,6,60,Canada,50,3,2,19,Burpee,1995
Chantal (1995),07-13-95,07-22-95,11-17-95,9,118,6,60,NA,NA,3,3,19,Burpee,1995
Dean (1995),07-28-95,08-03-95,11-14-95,6,103,5,40,USA,40,3,4,19,Burpee,1995
Erin (95),07-31-95,08-06-95,11-26-95,6,112,15,85,USA,85,3,5,19,Burpee,1995
Felix (1995),08-08-95,08-25-95,11-19-95,17,86,12,120,NA,NA,3,6,19,Burpee,1995
Gabrielle (95),08-10-95,08-12-95,12-01-95,2,111,4,60,Mexico,60,3,7,19,Burpee,1995
Humberto (95),08-22-95,09-01-95,11-15-95,10,75,8,95,NA,NA,4,8,19,Burpee,1995
Iris (95),08-22-95,09-04-95,11-26-95,13,83,8,95,Antilles,50,3,9,19,Burpee,1995
Jerry (95),08-22-95,08-28-95,01-31-96,6,156,6,35,USA,35,3,10,19,Burpee,1995
Karen (95),08-26-95,09-03,11-19-95,8,77,5,45,NA,NA,3,11,19,Burpee,1995
Luis (95),08-28-95,09-12-95,01-08-96,15,118,10,130,Antilles,130,3,12,19,Burpee,1995
Marilyn (95),09-12-95,09-22-95,01-17-96,10,117,15,100,USVI,90,3,13,19,Burpee,1995
Noel (95),09-26-95,10-07-95,02-01-96,11,117,6,65,NA,NA,3,14,19,Burpee,1995
Opal (95),09-27-95,10-06,11-02-95,9,27,11,130,USA,100,0,15,19,Burpee,1995
Pablo (95),10-04-95,10-08-95,12-04-95,4,57,5,50,NA,NA,3,16,19,Burpee,1995
Roxanne (95),10-07-95,10-21-95,11-29-95,14,39,14,100,Mexico,100,6,17,19,Burpee,1995
Sebastein (95),10-20-95,10-25-95,12-04-95,5,40,4,55,Antilles,30,3,18,19,Burpee,1995
Tanya (95),10-27-95,11-01-95,02-01-96,5,92,6,75,NA,NA,3,19,19,Burpee,1995
Arthur (96),06-17-96,06-21-96,08-19-96,4,59,7,40,USA,35,3,1,13,Burpee,1996
Bertha (96),07-05-96,07-14-96,11-09-96,9,118,14,100,USA,90,3,2,13,Burpee,1996
Cesar (96),07-24-96,07-29-96,08-27-96,5,29,11,75,Nicaragua,75,4,3,13,Burpee,1996
Dolly (96),08-19-96,08-25-96,10-03-96,6,39,9,70,Mexico,70,3,4,13,Burpee,1996
Edouard (96),08-19-96,09-03-96,12-20-96,15,108,15,125,NA,NA,3,5,13,Burpee,1996
Fran (96),08-23-96,09-08-96,10-10-96,16,32,17,105,USA,100,4,6,13,Burpee,1996
Gustav (96),08-26-96,09-02-96,11-28-96,7,87,4,40,NA,NA,3,7,13,Burpee,1996
Hortense (96),09-03-96,09-16-96,10-23-96,13,37,19,120,USA PR,70,6,8,13,Burpee,1996
Isidore (96),09-24-96,10-01-96,11-01-96,7,31,6,100,NA,NA,3,9,13,Burpee,1996
Josephine (96),10-04-96,10-08-96,02-21-97,4,136,10,60,USA,60,3,10,13,Burpee,1996
Kyle (96),10-11-96,10-12-96,11-05-96,1,24,5,45,Honduras,25,3,11,13,Burpee,1996
Lili (96),10-14-96,10-27-96,11-18-96,13,22,10,100,Cuba,85,3,12,13,Burpee,1996
Marco (96),11-16-96,11-24-96,12-03-96,8,9,12,65,NA,NA,4,13,13,Burpee,1996
Unamed1 (97),06-01-97,06-02-97,11-12-97,1,163,4,45,NA,NA,3,1,8,Burpee,1997
Ana (97),06-30-97,07-04-97,08-04-97,4,31,4,40,NA,NA,3,2,8,Burpee,1997
Bill (97),07-11-97,07-13-97,08-05-97,2,23,4,65,NA,NA,3,3,8,Burpee,1997
Claudette (97),07-13-97,07-16-97,08-13-97,3,28,5,40,NA,NA,3,4,8,Burpee,1997
Danny (97),07-16-97,07-26-97,08-21-97,10,26,13,70,USA,70,3,5,8,Burpee,1997
Erika (97),09-03-97,09-15-97,10-24-97,12,39,9,110,NA,NA,3,6,8,Burpee,1997
Fabian (97),10-04-97,10-08-97,10-28-97,4,20,5,35,NA,NA,3,7,8,Burpee,1997
Grace (97),10-16-97,10-17-97,11-05-97,1,19,4,40,NA,NA,3,8,8,Burpee,1997
Alex,07-27-98,08-02-98,12-22-98,6,142,6,50,NA,NA,3,1,14,Jarrell,1998
Bonnie,08-19-98,08-30-98,10-24-98,11,55,15,100,USA,95,4,2,14,Jarrell,1998
Charley,08-21-98,08-24-98,10-23-98,3,60,8,40,USA,40,3,3,14,Jarrell,1998
Danielle,08-24-98,09-03-98,01-19-99,10,138,11,90,GB,EX,3,4,14,Jarrell,1998
Earl,08-31-98,09-03-98,11-17-98,3,75,13,80,USA,70,3,5,14,Jarrell,1998
Frances,09-08-98,09-13-98,11-18-98,5,66,8,55,USA,45,3,6,14,Jarrell,1998
Georges,09-15-98,10-01-98,01-05-99,16,96,29,135,Antilles,100,5,7,14,Jarrell,1998
Hermine,09-17-98,09-20-98,11-09-98,3,50,7,40,USA,35,3,8,14,Jarrell,1998
Ivan,09-19-98,09-27-98,11-18-98,8,52,8,80,NA,NA,3,9,14,Jarrell,1998
Jeanne,09-21-98,10-01-98,02-08-99,10,130,9,90,NA,NA,3,10,14,Jarrell,1998
Karl,09-23-98,09-28-98,11-16-98,5,49,7,90,NA,NA,3,11,14,Jarrell,1998
Lisa,10-05-98,10-09-98,12-04-98,4,56,4,65,NA,NA,3,12,14,Jarrell,1998
Mitch,10-22-98,11-05-98,01-28-99,14,84,21,155,USA,55,4,13,14,Jarrell,1998
Nicole,11-24-98,12-01-98,12-17-98,7,16,6,75,NA,NA,3,14,14,Jarrell,1998
Arlene (99),06-11-99,06-18-99,07-07-99,7,19,8,50,NA,NA,3,1,12,Jarrell,1999
Bret (99),08-18-99,08-25-99,11-23-99,7,90,13,125,USA,100,4,2,12,Jarrell,1999
Cindy (99),08-19-99,08-31-99,12-09-99,12,100,11,120,NA,NA,4,3,12,Jarrell,1999
Dennis (99),08-24-99,09-07-99,01-11-00,14,126,18,90,USA,60,3,4,12,Jarrell,1999
Emily (99),08-24-99,08-28-99,09-30-99,4,33,4,45,NA,NA,3,5,12,Jarrell,1999
Floyd (99),09-07-99,09-17-99,11-18-99,10,62,28,135,USA,90,5,6,12,Jarrell,1999
Gert (99),09-11-99,09-23-99,11-22-99,12,60,6,130,NA,NA,2,7,12,Jarrell,1999
Harvey (99),09-19-99,09-22-99,12-09-99,3,78,10,50,USA,50,2,8,12,Jarrell,1999
Irene (99),10-13-99,10-19-99,11-22-99,6,34,14,95,USA,95,4,9,12,Jarrell,1999
Jose (99),10-17-99,10-25-99,12-22-99,8,58,12,85,Antilles,80,3,10,12,Jarrell,1999
Katrina (99),10-28-99,11-01-99,11-30-99,4,29,5,35,Nicaragua,35,3,11,12,Jarrell,1999
Lenny (99),11-13-99,11-23-99,12-09-99,10,16,19,135,USVI,135,6,12,12,Jarrell,1999
Alberto (00),08-03-00,08-23-00,12-08-00,20,107,13,110,NA,NA,4,1,15,Mayfield,2000
Beryl (00),08-13-00,08-15-00,11-14-00,2,91,6,45,Mexico,45,3,2,15,Mayfield,2000
Chris (00),08-17-00,08-19-00,09-05-00,2,17,5,35,NA,NA,4,3,15,Mayfield,2000
Debby (00),08-19-00,08-24-00,12-08-00,5,106,13,75,Antilles,65,3,4,15,Mayfield,2000
Ernesto (00),09-01-00,09-03-00,10-16-00,2,43,4,35,NA,NA,3,5,15,Mayfield,2000
Florence (00),09-10-00,09-17-00,11-09-00,7,53,12,70,NA,NA,4,6,15,Mayfield,2000
Gordon (00),09-14-00,09-18-00,11-26-00,4,69,14,70,USA,55,4,7,15,Mayfield,2000
Helene (00),09-15-00,09-25-00,10-17-00,10,22,10,60,USA,35,3,8,15,Mayfield,2000
Isaac (00),09-21-00,10-01-00,12-18-00,10,78,9,120,NA,NA,3,9,15,Mayfield,2000
Joyce (00),09-25-00,10-02-00,11-03-00,7,32,6,80,NA,NA,3,10,15,Mayfield,2000
Keith (00),09-26-00,10-06-00,01-29-01,10,115,14,120,Belize,65,4,11,15,Mayfield,2000
Leslie (00),10-04-00,10-07-00,11-05-00,3,29,8,40,NA,NA,3,12,15,Mayfield,2000
Michael (00),10-17-00,10-19-00,11-20-00,2,32,10,85,Canada,EX,4,13,15,Mayfield,2000
Nadine (00),10-19-00,10-21-00,11-15-00,2,25,4,50,NA,NA,2,14,15,Mayfield,2000
Unnamed1 (00),10-25-00,10-29-00,11-27-00,4,29,8,55,NA,NA,3,15,15,Mayfield,2000
Allison (01),06-05-01,06-17-01,11-28-01,12,164,19,45,USA,45,6,1,15,Mayfield,2001
Barry (01),08-02-01,08-07-01,11-20-01,5,105,14,60,USA,60,4,2,15,Mayfield,2001
Chantal (01),08-14-01,08-22-01,09-06-01,8,15,22,60,Belize,60,5,3,15,Mayfield,2001
Dean (01),08-22-01,08-28-01,10-03-01,6,36,9,60,NA,NA,3,4,15,Mayfield,2001
Erin (01),09-01-01,09-15-01,11-20-01,14,66,12,105,NA,NA,4,5,15,Mayfield,2001
Felix (01),09-07-01,09-19-01,11-30-01,12,72,10,100,NA,NA,4,6,15,Mayfield,2001
Gabrielle (01),09-11-01,09-19-01,12-18-01,8,90,14,65,USA,60,3,7,15,Mayfield,2001
Humberto (01),09-21-01,09-27-01,10-30-01,6,33,12,90,NA,NA,5,8,15,Mayfield,2001
Iris (01),10-04-01,10-09-01,10-30-01,5,21,12,125,Belize,125,4,9,15,Mayfield,2001
Jerry (01),10-06-01,10-08-01,11-30-01,2,53,6,45,NA,NA,3,10,15,Mayfield,2001
Karen (01),10-12-01,10-15-01,12-26-01,3,72,10,70,Canada,40,4,11,15,Mayfield,2001
Lorenzo (01),10-27-01,10-31-01,12-06-01,4,36,4,35,NA,NA,3,12,15,Mayfield,2001
Michelle (01),10-29-01,11-05-01,01-23-02,7,79,20,120,Cuba,120,4,13,15,Mayfield,2001
Noel (01),11-04-01,11-06-01,11-14-01,2,8,7,65,NA,NA,3,14,15,Mayfield,2001
Olga (01),11-24-01,12-04-01,12-17-01,10,13,10,80,NA,NA,4,15,15,Mayfield,2001
Arthur (02),07-14-02,07-16-02,08-20-02,2,35,5,50,NA,NA,3,1,12,Mayfield,2002
Bertha (02),08-04-02,08-09-02,11-20-02,5,103,9,35,USA,35,3,2,12,Mayfield,2002
Cristobal (02),08-05-02,08-08-02,08-22-02,3,14,9,45,NA,NA,4,3,12,Mayfield,2002
Dolly (02),08-29-02,09-04-02,10-12-02,6,38,8,50,NA,NA,3,4,12,Mayfield,2002
Edouard (02),09-01-02,09-06-02,01-16-03,5,132,7,55,USA,35,3,5,12,Mayfield,2002
Fay (02),09-05-02,09-11-02,12-14-02,6,94,13,50,USA,50,4,6,12,Mayfield,2002
Gustav (02),09-08-02,09-12-02,01-14-03,4,124,15,85,Canada,80,3,7,12,Mayfield,2002
Hanna (02),09-12-02,09-15-02,12-16-02,3,92,12,50,USA,50,4,8,12,Mayfield,2002
Isidore (02),09-14-02,09-27-02,12-20-02,13,84,22,110,Mexico,110,4,9,12,Mayfield,2002
Josephine (02),09-17-02,09-19-02,01-14-03,2,117,5,35,NA,NA,3,10,12,Mayfield,2002
Kyle (02),09-20-02,10-12-02,11-16-02,22,35,16,75,USA,35,3,11,12,Mayfield,2002
Lili (02),09-21-2002,10-04-02,12-20-02,13,77,15,125,Cuba,90,3,12,12,Mayfield,2002
Ana (03),04-20-03,04-24-03,12-19-03,4,239,8,50,NA,NA,3,1,16,Mayfield,2003
Bill (03),06-29-03,07-02-03,07-30-03,3,28,13,50,USA,50,4,2,16,Mayfield,2003
Claudette (03),07-08-03,07-17-03,09-09-03,9,54,20,80,USA,80,3,3,16,Mayfield,2003
Danny (03),07-16-03,07-21-03,11-27-03,5,129,11,65,NA,NA,5,4,16,Mayfield,2003
Erika (03),08-14-03,08-17-03,11-17-03,3,92,11,65,Mexico,65,3,5,16,Mayfield,2003
Fabian (03),08-27-03,09-08-03,11-19-03,12,72,13,125,Bermuda,100,3,6,16,Mayfield,2003
Grace (03),08-30-03,09-02-03,11-27-03,3,86,15,35,USA,35,4,7,16,Mayfield,2003
Henri (03),09-03-03,09-08-03,11-17-03,5,70,5,50,USA,30,3,8,16,Mayfield,2003
Isabel (03),09-06-03,09-19-03,12-19-03,13,91,30,145,USA,90,3,9,16,Mayfield,2003
Juan (03),09-24-03,09-29-03,11-07-03,5,39,11,90,Canada,85,3,10,16,Mayfield,2003
Kate (03),09-25-03,10-30-03,11-30-03,35,31,12,110,NA,NA,3,11,16,Mayfield,2003
Larry (03),10-01-03,10-06-03,12-07-03,5,62,15,55,Mexico,50,4,12,16,Mayfield,2003
Mindy (03),10-10-03,10-14-03,11-14-03,4,31,6,40,NA,NA,3,13,16,Mayfield,2003
Nicholas (03),10-13-03,10-23-03,01-07-04,10,76,10,60,NA,NA,3,14,16,Mayfield,2003
Odette (03),12-04-03,12-07-03,12-19-03,3,12,11,55,DR,50,3,15,16,Mayfield,2003
Peter (03),12-07-03,12-11-03,12-17-03,4,6,6,60,NA,NA,4,16,16,Mayfield,2003
Alex (04),07-31-04,08-06-04,10-26-04,6,81,13,105,NA,NA,3,1,15,Mayfield,2004
Bonnie (04),08-03-04,08-13-04,10-05-04,10,53,10,55,NA,NA,4,2,15,Mayfield,2004
Charley (04),08-09-04,08-14-04,10-18-04,5,65,23,130,USA,130,4,3,15,Mayfield,2004
Danielle (04),08-13-04,08-21-04,11-19-04,8,90,11,95,NA,NA,4,4,15,Mayfield,2004
Earl (04),08-13-04,08-15-04,11-25-04,2,102,4,45,NA,NA,3,5,15,Mayfield,2004
Frances (04),08-2004,09-08-04,12-17-04,14,100,30,125,USA,90,4,6,15,Mayfield,2004
Gaston (04),08-27-04,09-01-04,11-19-04,5,79,14,65,USA,65,3,7,15,Mayfield,2004
Hermine (04),08-27-04,08-31-04,11-17-04,4,78,6,50,USA,35,3,8,15,Mayfield,2004
Ivan (04),09-02-04,09-24-04,12-16-04,22,83,44,145,USA,105,6,9,15,Mayfield,2004
Jeanne (04),09-13-04,09-28-04,01-07-05,15,101,20,105,USA,105,3,10,15,Mayfield,2004
Karl (04),09-16-04,09-24-04,12-17-04,8,84,9,125,NA,NA,3,11,15,Mayfield,2004
Lisa (04),09-19-04,10-03-04,11-10-04,14,38,10,65,NA,NA,3,12,15,Mayfield,2004
Matthew (04),10-08-04,10-10-04,11-17-04,2,38,7,40,USA,35,3,13,15,Mayfield,2004
Nicole (04),10-10-04,10-11-04,12-09-04,1,59,7,45,NA,NA,3,14,15,Mayfield,2004
Otto (04),11-29-04,12-03-04,12-07-04,4,4,9,45,NA,NA,4,15,15,Mayfield,2004
Arlene (05),06-08-05,06-13-05,07-20-05,5,37,14,60,USA,50,3,1,28,Mayfield,2005
Bret (05),06-28-05,06-30-05,01-23-06,2,207,7,35,Mexico,35,3,2,28,Mayfield,2005
Cindy (05),07-03-05,07-07-05,02-14-06,4,222,21,65,USA,65,6,3,28,Mayfield,2005
Dennis (05),07-04-05,07-13-05,11-22-05,9,132,25,130,USA,105,4,4,28,Mayfield,2005
Emily (05),07-11-05,07-21-05,03-10-06,10,232,18,140,Mexico,115,3,5,28,Mayfield,2005
Franklin (05),07-21-05,07-29-05,03-17-06,8,231,12,60,NA,NA,3,6,28,Mayfield,2005
Gert (05),07-23-05,07-25-05,08-10-05,2,16,7,40,Mexico,40,3,7,28,Mayfield,2005
Harvey (05),08-02-05,08-08-05,03-17-06,6,221,11,55,NA,NA,3,8,28,Mayfield,2005
Irene (05),08-04-05,08-18-05,01-20-06,14,155,11,90,NA,NA,4,9,28,Mayfield,2005
Jose (05),08-22-05,08-23-05,01-13-06,1,143,7,50,Mexico,50,3,10,28,Mayfield,2005
Katrina (05),08-23-05,08-30-05,12-20-05,7,112,43,150,USA,110,7,11,28,Mayfield,2005
Lee (05),08-28-05,09-02-05,12-07-05,5,96,7,35,NA,NA,4,12,28,Mayfield,2005
Maria (05),09-01-05,09-10-05,02-08-06,9,151,9,100,NA,NA,3,13,28,Mayfield,2005
Nate (05),09-05-05,09-10-05,11-29-05,5,80,11,80,NA,NA,4,14,28,Mayfield,2005
Ophelia (05),09-06-05,09-17-05,01-24-06,11,129,21,75,NA,NA,3,15,28,Mayfield,2005
Phillippe (05),09-17-05,09-23-05,02-09-06,6,139,10,70,NA,NA,4,16,28,Mayfield,2005
Rita (05),09-18-05,09-26-05,03-17-06,8,172,33,155,USA,100,4,17,28,Mayfield,2005
Stan (05),10-01-05,10-05-05,02-14-06,4,132,12,70,Mexico,70,3,18,28,Mayfield,2005
Unamed1 (05),10-04-05,10-05-05,04-10-06,1,187,9,45,NA,NA,5,19,28,Mayfield,2005
Tammy (05),10-05-05,10-06-05,01-28-06,1,114,14,45,USA,45,4,20,28,Mayfield,2005
Vince (05),10-08-05,10-11-05,02-22-06,3,134,9,65,Spain,30,4,21,28,Mayfield,2005
Wilma (05),10-15-05,10-25-05,01-12-06,10,79,27,160,USA,105,4,22,28,Mayfield,2005
Alpha (05),10-22-05,10-24-05,01-04-06,2,72,6,45,DR,45,3,23,28,Mayfield,2005
Beta (05),10-26-05,10-31-05,03-28-06,5,148,10,100,Nicaragua,90,3,24,28,Mayfield,2005
Gamma (05),11-14-05,11-21-05,11-24-05,7,3,13,45,NA,NA,4,25,28,Mayfield,2005
Delta (05),11-22-05,11-28-05,02-14-06,6,78,12,60,NA,NA,5,26,28,Mayfield,2005
Epsilon (05),11-29-05,12-08-05,01-07-06,9,30,9,75,NA,NA,3,27,28,Mayfield,2005
Zeta (05),12-30-05,01-06-06,03-17-06,7,70,10,55,NA,NA,4,28,28,Mayfield,2005
Alberto (06),06-10-06,06-14-06,08-11-06,4,58,17,60,USA,40,3,1,10,Mayfield,2006
Unamed1 (06),07-17-06,07-18-06,12-15-06,1,150,13,45,NA,NA,9,2,10,Mayfield,2006
Beryl (06),07-18-06,07-21-06,08-31-06,3,41,10,50,USA,45,3,3,10,Mayfield,2006
Chris (06),08-01-06,08-04-06,12-14-06,3,132,13,55,NA,NA,4,4,10,Mayfield,2006
Debby (06),08-21-06,08-26-06,11-02-06,5,68,9,45,NA,NA,3,5,10,Mayfield,2006
Ernesto (06),08-24-06,09-01-06,12-15-06,8,105,36,65,USA,40,5,6,10,Mayfield,2006
Florence (06),09-03-06,09-12-06,12-21-06,9,100,13,80,NA,NA,3,7,10,Mayfield,2006
Gordon (06),09-10-06,09-20-06,11-14-06,10,55,15,105,NA,NA,4,8,10,Mayfield,2006
Helene (06),09-12-06,09-24-06,11-15-06,12,52,12,105,NA,NA,4,9,10,Mayfield,2006
Isaac (06),09-27-06,10-02-06,11-16-06,5,45,12,75,NA,NA,3,10,10,Mayfield,2006
Andrea (07),05-09-07,05-11-07,06-01-07,2,21,16,50,NA,NA,5,1,15,Mayfield,2007
Barry (07),06-01-07,06-02-07,06-22-07,1,20,12,50,USA,30,4,2,15,Mayfield,2007
Chantal (07),07-31-07,08-01-07,10-18-07,1,78,6,45,NA,NA,3,3,15,Mayfield,2007
Dean (07),08-13-07,08-23-07,01-31-08,10,161,23,150,Mexico,150,6,4,15,Mayfield,2007
Erin (07),08-15-07,08-17-07,04-07-08,2,234,17,35,USA,30,5,5,15,Mayfield,2007
Felix (07),08-31-07,09-05-07,01-16-08,5,133,14,150,Nicaragua,140,3,6,15,Mayfield,2007
Gabrielle (07),09-08-07,09-11-07,10-29-07,3,48,13,50,USA,50,3,7,15,Mayfield,2007
Humberto (07),09-12-07,09-14-07,11-28-07,2,75,16,80,USA,80,4,8,15,Mayfield,2007
Ingrid (07),09-12-07,09-17-07,10-17-07,5,30,9,40,NA,NA,3,9,15,Mayfield,2007
Jerry (07),09-23-07,09-24-07,10-24-07,1,30,6,35,NA,NA,3,10,15,Mayfield,2007
Karen (07),09-25-07,09-29-07,11-27-07,4,59,11,65,NA,NA,5,11,15,Mayfield,2007
Lorenzo (07),09-25-07,09-28-07,10-18-07,3,20,12,70,Mexico,65,3,12,15,Mayfield,2007
Mellisa (07),09-28-07,09-30-07,10-13-07,2,13,8,35,NA,NA,3,13,15,Mayfield,2007
Noel (07),10-28-07,11-02-07,12-17-07,5,45,23,70,Cuba,50,5,14,15,Mayfield,2007
Olga (07),12-11-07,12-12-07,01-24-08,1,43,17,50,USA PR,40,4,15,15,Mayfield,2007
Arthur (08),05-31-08,06-01-08,07-28-08,1,57,7,40,Belize,40,4,1,16,Read,2008
Bertha (08),07-03-08,07-20-08,10-15-08,17,87,14,110,NA,NA,4,2,16,Read,2008
Cristobal (08),07-13-08,07-23-08,10-08-08,10,77,8,55,NA,NA,4,3,16,Read,2008
Dolly (08),07-20-08,07-25-08,01-22-09,5,181,19,85,USA,75,3,4,16,Read,2008
Edoaurd (08),08-03-08,08-06-08,11-14-08,3,100,13,55,USA,55,4,5,16,Read,2008
Fay (08),08-15-08,08-26-08,02-08-09,11,166,29,60,USA,55,6,6,16,Read,2008
Gustav (08),08-25-08,09-04-08,01-22-09,10,140,38,135,USA,90,6,7,16,Read,2008
Hanna (08),08-28-08,09-07-08,12-17-08,10,101,36,75,USA,60,7,8,16,Read,2008
Ike (08),09-01-08,09-14-08,01-23-09,13,131,55,125,USA,95,12,9,16,Read,2008
Josephine (08),09-02-08,09-06-08,12-05-08,4,90,9,55,NA,NA,3,10,16,Read,2008
Kyle (08),09-25-08,09-29-08,12-05-08,4,67,13,75,Canada,65,3,11,16,Read,2008
Laura (08),09-29-08,10-01-08,02-04-09,2,126,9,50,NA,NA,3,12,16,Read,2008
Marco (08),10-06-08,10-07-08,11-14-08,1,38,11,55,Mexico,55,4,13,16,Read,2008
Nana (08),10-12-08,10-14-08,11-28-08,2,45,9,35,NA,NA,4,14,16,Read,2008
Omar (08),10-13-08,10-18-08,02-03-09,5,108,15,115,NA,NA,4,15,16,Read,2008
Paloma (08),11-05-08,11-09-08,01-26-09,4,78,21,125,Cuba,85,9,16,16,Read,2008
Ana (09),08-11-09,08-16-09,09-26-09,5,41,9,35,NA,NA,3,1,9,Read,2009
Bill (09),08-15-09,08-24-09,10-21-09,9,58,17,115,Canada,60,4,2,9,Read,2009
Claudette (09),08-16-09,08-17-09,01-05-10,1,141,9,50,USA,40,3,3,9,Read,2009
Danny (09),08-26-09,08-29-09,01-06-10,3,130,11,50,NA,NA,3,4,9,Read,2009
Erika (09),09-01-09,09-03-09,10-29-09,2,56,12,45,NA,NA,4,5,9,Read,2009
Fred (09),09-07-09,09-12-09,10-23-09,5,41,13,105,NA,NA,5,6,9,Read,2009
Grace (09),10-04-09,10-06-09,11-28-09,2,53,11,55,NA,NA,4,7,9,Read,2009
Henri (09),10-06-09,10-08-09,11-17-09,2,40,9,45,NA,NA,3,8,9,Read,2009
Ida (09),11-04-09,11-10-09,01-14-10,6,65,19,90,Nicaragua,70,4,9,9,Read,2009
Alex (10),06-25-10,07-02-10,12-15-10,7,166,19,95,Mexico,95,5,1,19,Read,2010
Bonnie (10),07-22-10,07-24-10,12-28-10,2,157,17,40,USA,35,6,2,19,Read,2010
Colin (10),08-02-10,08-08-10,10-04-10,6,57,11,50,NA,NA,4,3,19,Read,2010
Danielle (10),08-21-10,08-30-10,12-15-10,9,107,16,115,NA,NA,4,4,19,Read,2010
Earl (10),08-25-10,09-04-10,01-13-11,10,131,29,125,Canada,65,7,5,19,Read,2010
Fiona (10),08-30-10,09-03-10,10-18-10,4,45,13,55,NA,NA,5,6,19,Read,2010
Gaston (10),09-01-10,09-02-10,11-18-10,1,77,9,35,NA,NA,4,7,19,Read,2010
Hermine (10),09-05-10,09-09-10,11-22-10,4,74,17,60,Mexico,60,4,8,19,Read,2010
Igor (10),09-08-10,09-21-10,02-15-11,13,147,20,135,Canada,75,5,9,19,Read,2010
Julia (10),09-12-10,09-20-10,12-09-10,8,80,17,120,NA,NA,6,10,19,Read,2010
Karl (10),09-14-10,09-18-10,01-31-11,4,135,17,110,Mexico,100,5,11,19,Read,2010
Lisa (10),09-20-10,09-26-10,11-15-10,6,50,12,75,NA,NA,5,12,19,Read,2010
Matthew (10),09-23-10,09-26-10,12-30-10,3,95,15,50,Nicaragua,50,4,13,19,Read,2010
Nicole (10),09-28-10,09-29-10,01-31-11,1,124,15,40,NA,NA,5,14,19,Read,2010
Otto (10),10-06-10,10-10-10,11-17-10,4,38,14,75,NA,NA,5,15,19,Read,2010
Paula (10),10-11-10,10-15-10,12-20-10,4,66,17,90,Cuba,55,6,16,19,Read,2010
Richard (10),10-20-10,10-25-10,01-13-11,5,80,16,85,Belize,85,4,17,19,Read,2010
Shary (10),10-28-10,10-30-10,01-03-11,2,65,10,65,NA,NA,4,18,19,Read,2010
Tomas (10),10-29-10,11-07-10,03-07-11,9,120,20,85,St. Vincent,85,5,19,19,Read,2010
Arlene (11),06-28-11,07-01-11,12-07-11,3,159,10,55,Mexico,55,4,1,19,Read,2011
Bret (11),07-17-11,07-22-11,12-05-11,5,136,14,60,NA,NA,5,2,19,Read,2011
Cindy (11),07-20-11,07-22-11,09-16-11,2,56,11,60,NA,NA,5,3,19,Read,2011
Don (11),07-27-11,07-30-11,10-28-11,3,90,15,45,USA,30,4,4,19,Read,2011
Emily (11),08-02-11,08-07-11,01-13-12,5,159,17,45,NA,NA,4,5,19,Read,2011
Franklin (11),08-12-11,08-13-11,10-27-11,1,75,6,40,NA,NA,3,6,19,Read,2011
Gert (11),08-13-11,08-16-11,10-26-11,3,71,11,55,NA,NA,4,7,19,Read,2011
Harvey (11),08-19-11,08-22-11,11-30-11,3,100,12,55,Belize,55,4,8,19,Read,2011
Irene (11),08-21-11,08-28-11,12-14-11,7,108,45,105,USA,75,10,9,19,Read,2011
Jose (11),08-27-11,08-28-11,01-04-12,1,129,8,40,NA,NA,4,10,19,Read,2011
Katia (11),08-29-11,09-10-11,01-16-12,12,128,20,120,NA,NA,7,11,19,Read,2011
Unnamed1 (11),09-01-11,09-02-11,12-02-11,1,91,10,40,NA,NA,6,12,19,Read,2011
Lee (11),09-02-11,09-05-11,12-15-11,3,101,35,50,USA,40,7,13,19,Read,2011
Maria (11),09-06-11,09-16-11,01-11-12,10,117,25,70,Canada,60,7,14,19,Read,2011
Nate (11),09-07-11,09-11-11,11-18-11,4,68,18,65,Mexico,40,5,15,19,Read,2011
Ophelia (11),09-20-11,10-03-11,12-08-11,13,66,16,120,NA,NA,5,16,19,Read,2011
Phillipe (11),09-24-11,10-08-11,01-03-12,14,87,14,80,NA,NA,5,17,19,Read,2011
Rene (11),10-23-11,10-28-11,01-26-12,5,90,13,100,Mexico,50,3,18,19,Read,2011
Sean (11),11-08-11,11-11-11,01-12-12,3,62,11,55,NA,NA,3,19,19,Read,2011
Alberto (12),05-19-12,05-22-12,12-07-12,3,199,11,50,NA,NA,3,1,19,Read,2012
Beryl (12),05-26-12,05-30-12,12-12-12,4,196,22,60,USA,55,3,2,19,Read,2012
Chris (12),06-18-12,06-22-12,01-22-13,4,214,16,75,NA,NA,8,3,19,Read,2012
Debby (12),06-23-12,06-27-12,01-07-13,4,194,51,55,USA,35,7,4,19,Read,2012
Ernesto (12),08-01-12,08-10-12,02-20-13,9,194,22,85,Mexico,85,7,5,19,Read,2012
Florence (12),08-03-12,08-06-12,10-14-12,3,69,11,50,NA,NA,4,6,19,Read,2012
Gordon (12),08-15-12,08-20-12,01-16-13,5,149,12,95,NA,NA,3,7,19,Read,2012
Helene (12),08-09-12,08-18-12,12-13-12,9,117,9,40,Mexico,30,3,8,19,Read,2012
Isaac (12),08-21-12,09-01-12,01-28-13,11,149,78,70,USA,70,12,9,19,Read,2012
Joyce (12),08-22-12,08-24-12,01-08-13,2,137,7,35,NA,NA,3,10,19,Read,2012
Kirk (12),08-28-12,09-02-12,12-07-12,5,96,10,90,NA,NA,3,11,19,Read,2012
Leslie (12),08-30-12,09-11-12,01-27-13,12,138,19,70,NA,NA,6,12,19,Read,2012
Michael (12),09-03-12,09-11-12,12-04-12,8,84,13,100,NA,NA,4,13,19,Read,2012
Nadine (12),09-10-12,10-03-12,01-08-13,23,97,19,80,NA,NA,5,14,19,Read,2012
Oscar (12),10-03-12,10-05-12,11-24-12,2,50,10,45,NA,NA,3,15,19,Read,2012
Patty (12),10-11-12,10-13-12,01-14-13,2,93,7,40,NA,NA,3,16,19,Read,2012
Rafael (12),10-12-12,10-17-12,01-14-13,5,89,16,80,NA,NA,5,17,19,Read,2012
Sandy (12),10-22-12,10-29-12,02-12-13,7,106,157,100,USA,EX,32,18,19,Read,2012
Tony (12),10-22-12,10-25-12,01-24-13,3,91,10,45,NA,NA,3,19,19,Read,2012
Andrea (13),06-05-13,06-07-13,08-22-13,2,76,33,55,USA,50,3,1,14,Knabb,2013
Barry (13),06-17-13,06-20-13,10-07-13,3,109,12,40,Mexico,40,3,2,14,Knabb,2013
Chantal (13),07-07-13,07-10-13,10-08-13,3,90,18,55,NA,NA,5,3,14,Knabb,2013
Dorian (13),07-23-13,08-03-13,09-30-13,11,58,13,50,NA,NA,4,4,14,Knabb,2013
Erin (13),08-15-13,08-18-13,09-23-13,3,36,11,40,NA,NA,3,5,14,Knabb,2013
Ferdnand (13),08-25-13,08-26-13,10-10-13,1,45,11,50,Mexico,50,4,6,14,Knabb,2013
Gabrielle (13),09-04-13,09-13-13,10-25-13,9,42,16,55,NA,NA,5,7,14,Knabb,2013
Humbtero (13),09-08-13,09-19-13,01-08-14,11,111,14,80,NA,NA,4,8,14,Knabb,2013
Ingrid (13),09-12-13,09-17-13,02-05-14,5,141,16,75,Mexico,55,3,9,14,Knabb,2013
Jerry (13),09-29-13,10-03-13,12-23-13,4,81,11,45,NA,NA,4,10,14,Knabb,2013
Karen (13),10-03-13,10-06-13,01-08-14,3,94,15,55,NA,NA,4,11,14,Knabb,2013
Lorenzo (13),10-21-13,10-24-13,11-22-13,3,29,12,45,NA,NA,4,12,14,Knabb,2013
Melissa (13),11-18-13,11-21-13,01-22-14,3,62,12,55,NA,NA,4,13,14,Knabb,2013
Unnamed1 (13),12-05-13,12-07-13,02-07-14,2,62,12,45,NA,NA,8,14,14,Knabb,2013
Arthur (14),07-01-14,07-05-14,01-20-15,4,199,43,85,USA,85,8,1,8,Knabb,2014
Bertha (14),08-01-14,08-06-14,12-18-14,5,134,16,70,Caicos,40,4,2,8,Knabb,2014
Cristobal (14),08-23-14,08-29-14,02-11-15,6,166,14,75,NA,NA,3,3,8,Knabb,2014
Dolly (14),09-01-14,09-03-14,01-28-15,2,147,11,40,Mexico,40,3,4,8,Knabb,2014
Eduoard (14),09-11-14,09-19-14,12-10-14,8,82,19,105,NA,NA,9,5,8,Knabb,2014
Fay (14),10-10-14,10-13-14,12-17-2014,3,65,21,70,Bermuda,70,6,6,8,Knabb,2014
Gonzalo (14),10-12-14,10-19-14,01-20-15,7,93,30,125,Bermuda,95,9,7,8,Knabb,2014
Hanna (14),10-22-14,10-28-14,12-16-14,6,49,14,35,Nicaragua,35,3,8,8,Knabb,2014
Ana (15),05-08-15,05-11-15,09-15-15,3,127,22,50,USA,40,6,1,11,Knabb,2015
Bill (15),06-16-15,06-18-15,09-09-15,2,83,31,50,USA,50,7,2,11,Knabb,2015
Claudette (15),07-13-15,07-14-15,08-14-15,1,31,11,45,NA,NA,4,3,11,Knabb,2015
Danny (15),08-18-15,08-24-15,01-19-16,6,148,18,110,NA,NA,6,4,11,Knabb,2015
Erika (15),08-24-15,08-28-15,02-08-16,4,164,26,45,NA,NA,6,5,11,Knabb,2015
Fred (15),08-30-15,09-06-15,01-20-16,7,136,16,75,NA,NA,4,6,11,Knabb,2015
Grace (15),09-05-15,09-09-15,11-21-15,4,73,11,50,NA,NA,4,7,11,Knabb,2015
Henri (15),09-08-15,09-11-15,10-21,3,40,13,45,NA,NA,3,8,11,Knabb,2015
Ida (15),09-18-15,09-27-15,11-07-15,9,41,14,45,NA,NA,5,9,11,Knabb,2015
Joaquin (15),09-28-15,10-07-15,01-12-16,9,97,36,135,Bahamas,115,11,10,11,Knabb,2015
Kate (15),11-08-15,11-11-15,01-04-16,3,54,14,75,NA,NA,3,11,11,Knabb,2015
Alex (16),01-12-16,01-15-16,09-13-16,3,242,14,75,Azores,55,4,1,15,Knabb,2016
Bonnie (16),05-24-16,06-04-16,10-14-16,11,132,20,40,USA,30,4,2,15,Knabb,2016
Colin (16),06-05-16,06-07-16,01-17-17,2,224,29,45,USA,45,4,3,15,Knabb,2016
Danielle (16),06-19-16,06-21-16,09-08-16,2,79,13,40,Mexico,35,4,4,15,Knabb,2016
Earl (16),08-02-16,08-06-16,01-19-17,4,166,23,75,Belize,75,8,5,15,Knabb,2016
Fiona (16),08-16-16,08-23-16,11-11-16,7,80,15,45,NA,NA,4,6,15,Knabb,2016
Gaston (16),08-22-16,09-02-16,01-11-17,11,131,19,105,NA,NA,5,7,15,Knabb,2016
Hermine (16),08-28-16,09-03-16,01-30-17,6,149,63,70,USA,70,11,8,15,Knabb,2016
Ian (16),09-12-16,09-16-16,01-03-17,4,109,13,50,NA,NA,4,9,15,Knabb,2016
Julia (16),09-13-16,09-18-16,01-20-17,5,124,14,45,USA,30,4,10,15,Knabb,2016
Karl (16),09-14-16,09-25-16,01-04-17,11,101,17,60,NA,NA,4,11,15,Knabb,2016
Lisa (16),09-19-16,09-25-16,02-03-17,6,131,14,45,NA,NA,3,12,15,Knabb,2016
Matthew (16),09-28-16,10-09-16,04-03-17,11,176,96,145,Haiti,130,15,13,15,Knabb,2016
Nicole (16),10-04-16,10-18-16,02-15-17,14,120,29,120,NA,NA,11,14,15,Knabb,2016
Otto (16),11-20-16,11-26-16,01-30-17,6,65,28,100,Nicaragua,100,10,15,15,Knabb,2016
Arlene (17),04-19-17,04-21-17,07-05-17,2,75,13,45,NA,NA,4,1,17,Rappaport,2017
Bret (17),06-19-17,06-20-17,03-05-18,1,258,12,45,Venezuela,45,3,2,17,Rappaport,2017
Cindy (17),06-20-17,06-23-17,01-26-18,3,217,41,50,USA,45,7,3,17,Rappaport,2017
Don (17),07-17-17,07-18-17,12-19-17,1,154,9,45,NA,NA,3,4,17,Rappaport,2017
Emily (17),07-30-17,08-01-17,04-02-18,2,244,15,50,USA,50,5,5,17,Rappaport,2017
Franklin (17),08-07-17,08-10-17,03-12-18,3,214,19,75,Mexico,70,5,6,17,Rappaport,2017
Gert (17),08-12-17,08-17-17,03-17-18,5,212,18,95,NA,NA,8,7,17,Rappaport,2017
Harvey (17),08-17-17,09-01-17,01-23-18,15,144,77,115,USA,115,22,8,17,Rappaport,2017
Irma (17),08-30-17,09-12-17,03-09-18,13,178,111,155,USA,115,23,9,17,Rappaport,2017
Jose (17),09-05-17,09-22-17,02-20-18,17,151,36,135,NA,NA,8,10,17,Rappaport,2017
Katia (17),09-05-17,09-09-17,11-28-17,4,80,14,90,Mexico,65,4,11,17,Rappaport,2017
Lee (17),09-14-17,09-30-17,02-13-18,16,136,16,100,NA,NA,5,12,17,Rappaport,2017
Maria (17),09-16-17,09-30-17,04-05-18,14,187,48,150,USA PR,135,15,13,17,Rappaport,2017
Nate (17),10-04-17,10-08-17,04-05-18,4,179,45,80,USA,75,9,14,17,Rappaport,2017
Ophelia (17),10-09-17,10-15-17,03-27-18,6,163,32,100,Ireland,EX,9,15,17,Rappaport,2017
Phillipe (17),10-28-17,10-29-17,01-31-18,1,94,11,35,Cuba,35,4,16,17,Rappaport,2017
Rina (17),11-05-17,11-09-17,01-09-18,4,61,12,50,NA,NA,3,17,17,Rappaport,2017
Alberto (18),05-25-18,05-31-18,10-18-18,6,140,44,55,USA,40,9,1,15,Graham,2018
Beryl (18),07-04-18,07-15-18,09-20-18,11,67,16,70,NA,NA,3,2,15,Graham,2018
Chris (18),07-06-18,07-12-18,12-14-18,6,155,12,90,NA,NA,3,3,15,Graham,2018
Debby (18),08-07-18,08-09-18,03-28-19,2,231,14,45,NA,NA,3,4,15,Graham,2018
Ernesto (18),08-15-18,08-17-18,04-02-19,2,228,13,40,NA,NA,3,5,15,Graham,2018
Florence (18),08-31-18,09-17-18,05-03-19,17,228,98,130,USA,80,18,6,15,Graham,2018
Gordon (18),09-03-18,09-06-18,02-19-19,3,166,49,60,USA,60,8,7,15,Graham,2018
Helene (18),09-07-18,09-16-18,12-13-18,9,88,15,95,NA,NA,5,8,15,Graham,2018
Isaac (18),09-07-18,09-15-18,01-30-19,8,137,21,65,NA,NA,7,9,15,Graham,2018
Joyce (18),09-12-18,09-18-18,01-30-19,6,134,14,45,NA,NA,4,10,15,Graham,2018
Kirk (18),09-22-18,09-28-18,01-29-19,6,123,15,55,Antilles,45,3,11,15,Graham,2018
Leslie (18),09-23-18,10-13-18,03-29-19,20,167,18,80,NA,NA,3,12,15,Graham,2018
Michael (18),10-07-18,10-11-18,04-19-19,4,190,86,140,USA,140,14,13,15,Graham,2018
Nadine (18),10-09,10-12-18,03-22-19,3,161,15,55,NA,NA,5,14,15,Graham,2018
Oscar (18),10-26-18,10-31-18,02-19-19,5,111,17,95,NA,NA,5,15,15,Graham,2018
Andrea (19),05-20-19,05-21-19,08-06-19,1,77,8,35,NA,NA,3,1,18,Graham,2019
Barry (19),07-11-19,07-15-19,11-18-19,4,126,31,65,USA,65,10,2,18,Graham,2019
Chantal (19),08-20-19,08-23-19,10-25-19,3,63,11,35,NA,NA,4,3,18,Graham,2019
Dorian (19),08-24-19,09-07-19,04-20-20,14,226,74,160,Bahamas,160,19,4,18,Graham,2019
Erin (19),08-26-19,08-29-19,11-15-19,3,78,14,35,NA,NA,5,5,18,Graham,2019
Ferdnand (19),09-03-19,09-05-19,01-14-20,2,131,13,45,Mexico,45,4,6,18,Graham,2019
Gabrielle (19),09-03-19,09-10-19,01-03-20,7,115,16,55,NA,NA,5,7,18,Graham,2019
Humberto (19),09-13-19,09-19-19,02-19-20,6,153,44,110,NA,NA,14,8,18,Graham,2019
Jerry (19),09-17-19,09-24-19,12-11-19,7,78,17,90,NA,NA,4,9,18,Graham,2019
Imelda (19),09-17-19,09-19-19,01-29-20,2,132,28,40,USA,40,8,10,18,Graham,2019
Karen (19),09-22-19,09-27-19,12-16-19,5,80,20,40,USA PR,40,7,11,18,Graham,2019
Lorenzo (19),09-23-19,10-02-19,12-16-19,9,75,22,140,NA,NA,7,12,18,Graham,2019
Melissa (19),10-11-19,10-14-19,12-31-19,3,78,29,55,NA,NA,5,13,18,Graham,2019
Nestor (19),10-18-19,10-19-19,02-28-20,1,132,26,50,USA,EX,8,14,18,Graham,2019
Olga (19),10-25-19,10-25-19,03-19-20,0,146,17,45,USA,EX,5,15,18,Graham,2019
Pablo (19),10-25-19,10-28-19,01-27-20,3,91,12,70,NA,NA,4,16,18,Graham,2019
Rebekah (19),10-30-19,11-01-19,12-09-19,2,38,10,45,NA,NA,4,17,18,Graham,2019
Sebastein (19),11-19-19,11-24-19,02-03-20,5,71,25,60,NA,NA,9,18,18,Graham,2019
Arthur (20),05-16-20,05-19-20,09-10-20,3,114,19,50,NA,NA,5,1,30,Graham,2020
Bertha (20),05-27-20,05-28-20,09-23-20,1,118,12,45,USA,45,4,2,30,Graham,2020
Cristobal (20),06-01-20,06-09-20,01-13-21,8,218,51,50,USA,45,8,3,30,Graham,2020
Dolly (20),06-22-20,06-24-20,01-19-21,2,209,8,40,NA,NA,3,4,30,Graham,2020
Eduoard (20),07-04-20,07-06-20,02-22-21,2,231,11,40,NA,NA,3,5,30,Graham,2020
Fay (20),07-09-20,07-11-20,03-29-21,2,261,38,50,USA,45,5,6,30,Graham,2020
Gonzalo (20),07-21-20,07-25-20,02-01-21,4,191,17,55,Trinidad,30,6,7,30,Graham,2020
Hanna (20),07-23-20,07-26-20,02-11-21,3,200,49,80,USA,80,11,8,30,Graham,2020
Isaias (20),07-30-20,08-04-20,03-30-21,5,238,84,80,USA,80,21,9,30,Graham,2020
Josephine (20),08-11-20,08-16-20,01-27-21,5,164,12,40,NA,NA,4,10,30,Graham,2020
Kyle (20),08-14-20,08-15-20,02-11-21,1,180,9,45,NA,NA,3,11,30,Graham,2020
Laura (20),08-20-20,08-29-20,05-26-21,9,270,75,130,USA,130,22,12,30,Graham,2020
Marco (20),08-21-20,08-25-20,03-31-21,4,218,31,65,NA,NA,8,13,30,Graham,2020
Nana (20),09-01-20,09-03-20,12-07-20,2,95,18,65,Belize,65,4,14,30,Graham,2020
Omar (20),08-31-20,09-05-20,01-31-21,5,148,12,35,NA,NA,3,15,30,Graham,2020
Paullete (20),09-07-20,09-22-20,04-01-21,15,191,27,90,Bermuda,85,7,16,30,Graham,2020
Rene (20),09-07-20,09-14-20,01-07-21,7,115,15,40,NA,NA,5,17,30,Graham,2020
Sally (20),09-11-20,09-17-20,04-14-21,6,209,69,95,USA,95,17,18,30,Graham,2020
Teddy (20),09-12-20,09-23-20,04-28-21,11,217,25,120,Canada,EX,8,19,30,Graham,2020
Vicky (20),09-14-20,09-17-20,03-05-21,3,169,11,45,NA,NA,3,20,30,Graham,2020
Wilfred (20),09-17-20,09-21-20,12-31-20,4,101,11,35,NA,NA,3,21,30,Graham,2020
Alpha (20),09-17-20,09-19-20,01-28-21,2,131,12,45,Portugal,45,4,22,30,Graham,2020
Beta (20),09-17-20,09-22-20,04-06-21,5,196,58,55,USA,45,8,23,30,Graham,2020
Gamma (20),10-02-20,10-06-20,04-17-21,4,193,20,65,Mexico,65,6,24,30,Graham,2020
Delta (20),10-04-20,10-10-20,04-30-21,6,202,46,120,USA,85,13,25,30,Graham,2020
Epsilon (20),10-19-20,10-26-20,04-09-21,7,165,23,100,NA,NA,7,26,30,Graham,2020
Zeta (20),10-24-20,10-29-20,05-10-21,5,193,56,100,USA,100,15,27,30,Graham,2020
Eta (20),10-31-20,11-13-20,06-09-21,13,208,70,130,Nicaragua,120,15,28,30,Graham,2020
Theta (20),11-10-20,11-15-20,04-12-21,5,148,15,60,NA,NA,4,29,30,Graham,2020
Iota (20),11-13-20,11-18-20,05-18-21,5,181,48,135,Nicaragua,125,25,30,30,Graham,2020
Ana (21),05-22-21,05-23-21,08-03-21,1,72,12,40,NA,NA,4,1,21,Graham,2021
Bill (21),06-14-21,06-15-21,09-27-21,1,104,11,55,NA,NA,4,2,21,Graham,2021
Claudette (21),06-19-21,06-22-21,01-06-22,3,198,41,40,USA,40,8,3,21,Graham,2021
Danny (21),06-27-21,06-29-21,10-14-21,2,107,13,40,USA,35,4,4,21,Graham,2021
Elsa (21),06-30-21,07-09-21,02-10-22,9,216,70,75,USA,55,13,5,21,Graham,2021
Fred (21),08-11-21,08-17-21,11-19-21,6,94,56,55,USA,55,14,6,21,Graham,2021
Grace (21),08-13-21,08-21-21,02-18-22,8,181,49,105,Mexico,105,18,7,21,Graham,2021
Henri (21),08-15-21,08-23-21,01-25-22,8,155,42,65,USA,55,8,8,21,Graham,2021
Ida (21),08-26-21,09-01-21,04-04-22,6,215,163,130,USA,130,19,9,21,Graham,2021
Julian (21),08-28-21,08-30-21,10-29-21,2,60,10,50,NA,NA,3,10,21,Graham,2021
Kate (21),08-28-21,09-01-21,12-02-21,4,92,14,40,NA,NA,5,11,21,Graham,2021
Larry (21),08-31-21,09-11-21,12-16-21,11,96,34,110,Canada,70,13,12,21,Graham,2021
Mindy (21),09-08-21,09-09-21,03-04-22,1,176,24,50,USA,50,8,13,21,Graham,2021
Nicholas (21),09-12-21,09-15-21,03-01-22,3,167,50,65,USA,65,12,14,21,Graham,2021
Odette (21),09-17-21,09-18-21,11-03-21,1,46,11,40,NA,NA,4,15,21,Graham,2021
Peter (21),09-19-21,09-22-21,12-14-21,3,83,18,45,NA,NA,7,16,21,Graham,2021
Rose (21),09-19-21,09-22-21,03-22-22,3,181,13,50,NA,NA,4,17,21,Graham,2021
Sam (21),09-22-21,10-05-21,03-18-22,13,164,19,135,NA,NA,5,18,21,Graham,2021
Teresa (21),09-24-21,09-25-21,01-13-22,1,110,8,40,NA,NA,3,19,21,Graham,2021
Victor (21),09-29-21,10-04-21,12-02-21,5,59,16,55,NA,NA,7,20,21,Graham,2021
Wanda (21),10-30-21,11-07-21,02-23-22,8,108,26,50,NA,NA,7,21,21,Graham,2021
Alex (22),06-05-22,06-06-22,10-26-22,1,142,42,60,NA,NA,7,1,14,Rhome,2022
Bonnie (22),07-01-22,07-09-22,03-20-23,8,254,25,100,Nicaragua,50,9,2,14,Rhome,2022
Colin (22),07-01-22,07-02-22,11-18-22,1,139,16,35,USA,35,4,3,14,Rhome,2022
Danielle (22),09-01-22,09-08-22,01-25-23,7,139,20,75,NA,NA,9,4,14,Rhome,2022
Earl (22),09-02-22,09-10-22,03-21-23,8,192,18,95,NA,NA,6,5,14,Rhome,2022
Fiona (22),09-14-22,09-23-22,03-23-23,9,181,60,120,Canada,EX,15,6,14,Rhome,2022
Gaston (22),09-20-22,09-25-22,03-17-23,5,173,13,55,NA,NA,4,7,14,Rhome,2022
Hermine (22),09-23-22,09-24-22,01-25-23,1,123,18,35,NA,NA,8,8,14,Rhome,2022
Ian (22),09-23-22,09-30-22,04-03-23,7,185,72,140,USA,130,31,9,14,Rhome,2022
Julia (22),10-07-22,10-10-22,03-02-23,3,143,23,75,Nicaragua,75,9,10,14,Rhome,2022
Karl (22),10-11-22,10-14-22,01-31-23,3,109,19,50,NA,NA,8,11,14,Rhome,2022
Lisa (22),10-31-22,11-05-22,03-14-23,5,129,21,80,Belize,80,8,12,14,Rhome,2022
Martin (22),11-01-22,11-03-22,03-09-23,2,126,11,75,NA,NA,4,13,14,Rhome,2022
Nicole (22),11-07-22,11-11-22,03-17-23,4,126,59,65,USA,65,12,14,14,Rhome,2022